Commit,text/plain,application/json,application/zip,text/x-php,text/html,text/xml,inode/x-empty,image/png,text/x-Algol68,image/vnd.microsoft.icon,image/gif,text/x-asm,text/x-po,application/octet-stream,image/jpeg,text/troff,application/gzip,text/x-shellscript,application/pdf,image/svg+xml,font/sfnt,application/vnd.ms-fontobject,application/CDFV2,application/x-shockwave-flash,text/calendar,text/csv,application/vnd.ms-opentype,text/x-diff,application/x-executable,text/x-c
db334962cfb47cd9b40dcef151fde25c0693609a,2378,1176,1,1967,307,15,11,3188,6,6,141,3,4,13,373,8,4,4,1,8,10,4,4,4,2,1,1,4,0,0
a3dfdb0725ab294d918aaf0ce059781eec31bd9a,2379,1177,1,1968,307,15,11,3188,6,6,141,3,4,13,373,8,4,4,1,8,10,4,4,4,2,1,1,4,0,0
ad090cc130a9e844f201080e179c1aaa973b30dd,2378,1178,1,1968,307,15,11,3188,6,6,141,3,4,13,373,8,4,4,1,8,10,4,4,4,2,1,1,4,0,0
706c643e1f5e52836a8ffc2033ba715c7c37b455,2379,1179,1,1968,307,15,11,3188,6,6,141,3,4,13,373,8,4,4,1,8,10,4,4,4,2,1,1,4,0,0
d030ca9304de7b7c07d77648ac93beccc4dd65ec,2378,1180,1,1968,307,15,11,3188,6,6,141,3,4,13,373,8,4,4,1,8,10,4,4,4,2,1,1,4,0,0
986f29039e8a551b0ad90b57a697e053f7a13981,2379,1181,1,1968,307,15,11,3188,6,6,141,3,4,13,373,8,4,4,1,8,10,4,4,4,2,1,1,4,0,0
b35ec252a03aec232d23f24f8ad3f774131a7d00,2379,1182,1,1968,307,15,11,3188,6,6,141,3,4,13,373,8,4,4,1,8,10,4,4,4,2,1,1,4,0,0
a04ac4f58e5743f0d1598ab24501476473b899f4,2379,1183,1,1968,307,15,11,3188,6,6,141,3,4,13,373,8,4,4,1,8,10,4,4,4,2,1,1,4,0,0
9c0d9a25c2e0de2e4457345692496fb4f2c9737d,2379,1184,1,1968,307,15,11,3188,6,6,141,3,4,13,373,8,4,4,1,8,10,4,4,4,2,1,1,4,0,0
65c3ef89a2a56d6820b810cf15f6301210902afd,2378,1185,1,1968,307,15,11,3188,6,6,141,3,4,13,373,8,4,4,1,8,10,4,4,4,2,1,1,4,0,0
faf74279ce5cd4d5daa745c84a7f5a00986d9d4f,2379,1186,1,1968,307,15,11,3188,6,6,141,3,4,13,373,8,4,4,1,8,10,4,4,4,2,1,1,4,0,0
46a9d16c4105286b3edc6ed31d194895aebd13c3,2379,1187,1,1968,307,15,11,3188,6,6,141,3,4,13,373,8,4,4,1,8,10,4,4,4,2,1,1,4,0,0
7d5b83846d59fad0f73c266ba71b9b97654c4ef9,2378,1188,1,1968,307,15,11,3188,6,6,141,3,4,13,373,8,4,4,1,8,10,4,4,4,2,1,1,4,0,0
53d22893bb1a52bcae77fc22edef974eb39ca09a,2379,1189,1,1968,307,15,11,3188,6,6,141,3,4,13,373,8,4,4,1,8,10,4,4,4,2,1,1,4,0,0
ffe96906d5bb7e8bcd29e01c9910eb43f0eedfc5,2378,1190,1,1968,307,15,11,3188,6,6,141,3,4,13,373,8,4,4,1,8,10,4,4,4,2,1,1,4,0,0
90cc9cdb6dfb93ece4e81f50ea0d4ea8779f3489,2379,1191,1,1968,307,15,11,3188,6,6,141,3,4,13,373,8,4,4,1,8,10,4,4,4,2,1,1,4,0,0
38c19afcfa856c7c72439eaba1d8e374aef6c2ae,2379,1192,1,1968,307,15,11,3188,6,6,141,3,4,13,373,8,4,4,1,8,10,4,4,4,2,1,1,4,0,0
b6bcbc986f4a6bd5824b26f88911d234d92b76a1,2379,1193,1,1969,307,15,11,3188,6,6,141,3,4,13,373,8,4,4,1,8,10,4,4,4,2,1,1,4,0,0
0b3d468d35acc75ae193f817efff6f9038ab1310,2376,1195,1,1972,307,15,12,3188,6,6,141,3,4,13,373,8,4,4,1,8,10,4,4,4,2,1,1,4,0,0
669fa923aedc27dc339bec89c10521192a95df4b,2377,1196,1,1974,307,15,13,3188,6,6,141,3,4,13,373,8,4,4,1,8,10,4,4,4,2,1,1,4,0,0
5639b9d37dde531d176f712cef25c3081a4fae15,2377,1197,1,1974,307,14,13,3188,6,6,141,3,4,13,373,8,4,4,1,8,10,4,4,4,2,1,1,4,0,0
56da2778278c698b18dde4665fd9ac9ec88aa05b,2377,1200,1,1981,308,35,13,3188,6,6,141,3,4,13,373,8,4,4,1,8,10,4,4,4,2,1,1,4,1,0
d7aa69b3052855c949f597bde3f45dfda4069403,2377,1201,1,1979,308,35,13,3188,6,6,141,3,4,13,373,8,4,4,1,8,10,4,4,4,2,1,1,4,1,0
1015e90e40fca4f316208e56de7e72f6c7124fbf,2378,1202,1,1979,310,35,14,3188,6,6,141,3,4,13,373,8,4,4,1,8,10,4,4,4,2,1,1,4,0,0
54df0a75766bfea0e8650cbd96c93ac4e95ea195,2378,1203,1,1979,310,35,14,3188,6,6,141,3,4,13,373,8,4,4,1,8,10,4,4,4,2,1,1,4,0,0
aa9f1cefd21db5882304959332a21e2a21d0608d,2381,1206,1,1982,309,35,16,3188,6,6,141,3,4,13,373,8,4,4,1,8,10,4,4,4,2,1,1,4,0,0
72294a2893611c1bbc9d24502ed533faddce965c,2381,1207,1,1982,309,35,16,3188,6,6,141,3,4,13,373,8,4,4,1,8,10,4,4,4,2,1,1,4,0,0
012fd1f8456a88a1f42748b87a02ef35b7adb4a6,2381,1208,1,1982,309,35,16,3188,6,6,141,3,4,13,373,8,4,4,1,8,10,4,4,4,2,1,1,4,0,0
515dbe9c4229e57cff720da920fe05d84fd7ac4c,2381,1209,1,1982,309,35,16,3188,6,6,141,3,4,13,373,8,4,4,1,8,10,4,4,4,2,1,1,4,0,0
d8f1f58f6b6dc45b42583ebd5b661ec3281a0ba0,2381,1210,1,1982,309,35,16,3188,6,6,141,3,4,13,373,8,4,4,1,8,10,4,4,4,2,1,1,4,0,0
22263f0780e4175e4d7e3435578bd7e1a1b5e962,2381,1211,1,1982,309,35,16,3188,6,6,141,3,4,13,373,8,4,4,1,8,10,4,4,4,2,1,1,4,0,0
fd9ed019e6618799327c93f44f780012a1595ef3,2406,1216,1,1984,314,35,16,3197,6,7,141,3,4,13,373,8,4,4,1,10,10,4,5,4,2,1,1,4,0,1
7b63aed0b8c7974d0b9fc1b209b4e6728778a0c1,2406,1217,1,1984,314,35,16,3197,6,7,141,3,4,13,373,8,4,4,1,10,10,4,5,4,2,1,1,4,0,1
e73e2c41e3ac94bdc22cb8f9fdfc9f89e07a6828,2406,1218,1,1984,314,35,16,3197,6,7,141,3,4,13,373,8,4,4,1,10,10,4,5,4,2,1,1,4,0,1
7d3709d76a4a05419a542460da0f618305ff67f5,2406,1219,1,1984,314,35,16,3197,6,7,141,3,4,13,373,8,4,4,1,10,10,4,5,4,2,1,1,4,0,1
5201f5d423353fc05c0d5c4510c31f074e4a3773,2406,1220,1,1984,314,35,16,3197,6,7,141,3,4,13,373,8,4,4,1,10,10,4,5,4,2,1,1,4,0,1
8bcf396455844145ad7068becf574bde5099259e,2406,1221,1,1984,314,35,16,3197,6,7,141,3,4,13,373,8,4,4,1,10,10,4,5,4,2,1,1,4,0,1
c4060f1f5d42fd5a650ca1e5cfa8788328954ac1,2406,1222,1,1984,314,35,16,3197,6,7,141,3,4,13,373,8,4,4,1,10,10,4,5,4,2,1,1,4,0,1
cd067039ae672e505b4f69f622599a744b45bf36,2406,1229,2,1986,314,35,16,3197,6,7,141,3,4,13,373,8,4,4,1,10,10,4,5,4,2,1,1,4,0,1
b848a7d54a7dfa6fc6f671776cc0c38a20f8e93c,2406,1230,2,1989,314,35,16,3197,6,7,141,3,4,13,373,8,4,4,1,10,10,4,5,4,2,1,1,4,0,1
dc24f93f1dd4da0cd8648c88109cc44775ce1bd8,2406,1231,2,1989,314,35,16,3197,6,7,141,3,4,13,373,8,4,4,1,10,10,4,5,4,2,1,1,4,0,1
6ad2325e91df33dec03165b9d8b70c9aac46a535,2407,1231,2,1969,312,35,16,3197,6,7,141,3,4,13,373,8,4,4,1,10,10,4,5,4,2,1,1,4,0,1
d5c19898c3c6ba1f45023c17cf023ce5e049aab5,2408,1231,2,1969,312,35,16,3197,6,7,141,3,4,13,373,8,4,4,1,10,10,4,5,4,2,1,1,4,0,1
0c653e260c5ef4b9291767f98058016e828fa812,2408,1232,2,1938,312,35,16,3197,6,7,141,3,4,13,373,8,4,4,1,10,10,4,5,4,2,1,1,4,0,1
cce67669be282b01a60b3683ff61ee4b460226a1,2385,1231,1,1920,308,15,12,3188,6,6,141,3,4,13,373,8,4,4,1,8,10,4,4,4,2,1,1,4,0,0
1f1c972d5a79c3d451ad9ebd35b066b22e34dc59,2384,1232,1,1925,308,15,13,3188,6,6,141,3,4,13,373,8,4,4,1,8,10,4,4,4,2,1,1,4,0,0
9cb792ec8af4cbeacc4e5748fbe0136d2ee3038a,2386,1233,1,1925,308,15,13,3188,6,6,141,3,4,13,373,8,4,4,1,8,10,4,4,4,2,1,1,4,0,0
7d7b26f233dc206d676677b1690e29564445dc68,2386,1234,1,1930,308,15,13,3188,6,6,141,3,4,13,373,8,4,4,1,8,10,4,4,4,2,1,1,4,0,0
cd69a238758bf3623a498e99c347adfb7f116cf3,2381,1235,1,1933,301,15,11,3188,6,6,141,3,4,13,373,8,4,4,1,8,10,4,4,4,2,1,1,4,0,0
144bdabf85006cb7ac781b005ab9a184f3e6fe96,2410,1236,2,1938,312,35,16,3197,6,7,141,3,4,13,373,8,4,4,1,10,10,4,5,4,2,1,1,4,0,1
5dda872179338cc152165b6c4550e91535471668,2383,1235,1,1925,301,15,11,3188,6,6,141,3,4,13,373,8,4,4,1,8,10,4,4,4,2,1,1,4,0,0
a3cda035b6f413534a808798feb31b8c56928100,2383,1236,1,1925,301,15,11,3188,6,6,141,3,4,13,373,8,4,4,1,8,10,4,4,4,2,1,1,4,0,0
6ea18db5b3138cc12efcec91f75d171235487c90,2383,1237,1,1925,301,15,11,3188,6,6,141,3,4,13,373,8,4,4,1,8,10,4,4,4,2,1,1,4,0,0
59b2b617d688035d7aa058eb3c1525bdd3a5a69d,2383,1238,1,1925,301,15,11,3188,6,6,141,3,4,13,373,8,4,4,1,8,10,4,4,4,2,1,1,4,0,0
c4afac08b8cd6756184ab5838c6152b0e8b85161,2383,1239,1,1925,301,15,11,3188,6,6,141,3,4,13,373,8,4,4,1,8,10,4,4,4,2,1,1,4,0,0
7926aa0c051a56edd4bcf8580e30ecf7b11bc934,2383,1240,1,1925,301,15,11,3188,6,6,141,3,4,13,373,8,4,4,1,8,10,4,4,4,2,1,1,4,0,0
9e347f78d18dd89b2948a06cef2dcdfd23035b34,2383,1241,1,1925,301,15,11,3188,6,6,141,3,4,13,373,8,4,4,1,8,10,4,4,4,2,1,1,4,0,0
5b0d5c1630682277bd0f7937b23ee9d44ca42fa5,2382,1242,1,1929,301,15,11,3188,6,6,141,3,4,13,373,8,4,4,1,8,10,4,4,4,2,1,1,4,0,0
